{
  "variants": {
    "": [
      {
        "model": "block/tall_grass/tall_grass_0_0_0",
        "weight": 4
      },
      {
        "model": "block/tall_grass/tall_grass_0_0_1",
        "weight": 1
      },
      {
        "model": "block/tall_grass/tall_grass_0_0_1",
        "y": 90,
        "weight": 1
      },
      {
        "model": "block/tall_grass/tall_grass_0_0_2",
        "weight": 2
      },
      {
        "model": "block/tall_grass/tall_grass_0_0_3",
        "weight": 1
      },
      {
        "model": "block/tall_grass/tall_grass_0_0_3",
        "y": 90,
        "weight": 1
      },
      {
        "model": "block/tall_grass/tall_grass_0_0_4",
        "weight": 2
      },
      {
        "model": "block/tall_grass/tall_grass_0_22_0",
        "weight": 4
      },
      {
        "model": "block/tall_grass/tall_grass_0_22_1",
        "weight": 1
      },
      {
        "model": "block/tall_grass/tall_grass_0_22_1",
        "y": 90,
        "weight": 1
      },
      {
        "model": "block/tall_grass/tall_grass_0_22_2",
        "weight": 2
      },
      {
        "model": "block/tall_grass/tall_grass_0_22_3",
        "weight": 1
      },
      {
        "model": "block/tall_grass/tall_grass_0_22_3",
        "y": 90,
        "weight": 1
      },
      {
        "model": "block/tall_grass/tall_grass_0_22_4",
        "weight": 2
      },
      {
        "model": "block/tall_grass/tall_grass_0_22_5",
        "weight": 4
      },
      {
        "model": "block/tall_grass/tall_grass_0_22_6",
        "weight": 1
      },
      {
        "model": "block/tall_grass/tall_grass_0_22_6",
        "y": 90,
        "weight": 1
      },
      {
        "model": "block/tall_grass/tall_grass_0_22_7",
        "weight": 2
      },
      {
        "model": "block/tall_grass/tall_grass_0_22_8",
        "weight": 1
      },
      {
        "model": "block/tall_grass/tall_grass_0_22_8",
        "y": 90,
        "weight": 1
      },
      {
        "model": "block/tall_grass/tall_grass_0_22_9",
        "weight": 2
      },
      {
        "model": "block/tall_grass/tall_grass_0_45_0",
        "weight": 4
      },
      {
        "model": "block/tall_grass/tall_grass_0_45_1",
        "weight": 1
      },
      {
        "model": "block/tall_grass/tall_grass_0_45_1",
        "y": 90,
        "weight": 1
      },
      {
        "model": "block/tall_grass/tall_grass_0_45_2",
        "weight": 2
      },
      {
        "model": "block/tall_grass/tall_grass_0_45_3",
        "weight": 1
      },
      {
        "model": "block/tall_grass/tall_grass_0_45_3",
        "y": 90,
        "weight": 1
      },
      {
        "model": "block/tall_grass/tall_grass_0_45_4",
        "weight": 2
      },
      {
        "model": "block/tall_grass/tall_grass_2_0_0",
        "weight": 4
      },
      {
        "model": "block/tall_grass/tall_grass_2_0_1",
        "weight": 1
      },
      {
        "model": "block/tall_grass/tall_grass_2_0_1",
        "y": 90,
        "weight": 1
      },
      {
        "model": "block/tall_grass/tall_grass_2_0_2",
        "weight": 2
      },
      {
        "model": "block/tall_grass/tall_grass_2_0_3",
        "weight": 1
      },
      {
        "model": "block/tall_grass/tall_grass_2_0_3",
        "y": 90,
        "weight": 1
      },
      {
        "model": "block/tall_grass/tall_grass_2_0_4",
        "weight": 2
      },
      {
        "model": "block/tall_grass/tall_grass_2_22_0",
        "weight": 4
      },
      {
        "model": "block/tall_grass/tall_grass_2_22_1",
        "weight": 1
      },
      {
        "model": "block/tall_grass/tall_grass_2_22_1",
        "y": 90,
        "weight": 1
      },
      {
        "model": "block/tall_grass/tall_grass_2_22_2",
        "weight": 2
      },
      {
        "model": "block/tall_grass/tall_grass_2_22_3",
        "weight": 1
      },
      {
        "model": "block/tall_grass/tall_grass_2_22_3",
        "y": 90,
        "weight": 1
      },
      {
        "model": "block/tall_grass/tall_grass_2_22_4",
        "weight": 2
      },
      {
        "model": "block/tall_grass/tall_grass_2_22_5",
        "weight": 4
      },
      {
        "model": "block/tall_grass/tall_grass_2_22_6",
        "weight": 1
      },
      {
        "model": "block/tall_grass/tall_grass_2_22_6",
        "y": 90,
        "weight": 1
      },
      {
        "model": "block/tall_grass/tall_grass_2_22_7",
        "weight": 2
      },
      {
        "model": "block/tall_grass/tall_grass_2_22_8",
        "weight": 1
      },
      {
        "model": "block/tall_grass/tall_grass_2_22_8",
        "y": 90,
        "weight": 1
      },
      {
        "model": "block/tall_grass/tall_grass_2_22_9",
        "weight": 2
      },
      {
        "model": "block/tall_grass/tall_grass_2_45_0",
        "weight": 4
      },
      {
        "model": "block/tall_grass/tall_grass_2_45_1",
        "weight": 1
      },
      {
        "model": "block/tall_grass/tall_grass_2_45_1",
        "y": 90,
        "weight": 1
      },
      {
        "model": "block/tall_grass/tall_grass_2_45_2",
        "weight": 2
      },
      {
        "model": "block/tall_grass/tall_grass_2_45_3",
        "weight": 1
      },
      {
        "model": "block/tall_grass/tall_grass_2_45_3",
        "y": 90,
        "weight": 1
      },
      {
        "model": "block/tall_grass/tall_grass_2_45_4",
        "weight": 2
      },
      {
        "model": "block/tall_grass/tall_grass_3_0_0",
        "weight": 4
      },
      {
        "model": "block/tall_grass/tall_grass_3_0_1",
        "weight": 1
      },
      {
        "model": "block/tall_grass/tall_grass_3_0_1",
        "y": 90,
        "weight": 1
      },
      {
        "model": "block/tall_grass/tall_grass_3_0_2",
        "weight": 2
      },
      {
        "model": "block/tall_grass/tall_grass_3_0_3",
        "weight": 1
      },
      {
        "model": "block/tall_grass/tall_grass_3_0_3",
        "y": 90,
        "weight": 1
      },
      {
        "model": "block/tall_grass/tall_grass_3_0_4",
        "weight": 2
      },
      {
        "model": "block/tall_grass/tall_grass_3_22_0",
        "weight": 4
      },
      {
        "model": "block/tall_grass/tall_grass_3_22_1",
        "weight": 1
      },
      {
        "model": "block/tall_grass/tall_grass_3_22_1",
        "y": 90,
        "weight": 1
      },
      {
        "model": "block/tall_grass/tall_grass_3_22_2",
        "weight": 2
      },
      {
        "model": "block/tall_grass/tall_grass_3_22_3",
        "weight": 1
      },
      {
        "model": "block/tall_grass/tall_grass_3_22_3",
        "y": 90,
        "weight": 1
      },
      {
        "model": "block/tall_grass/tall_grass_3_22_4",
        "weight": 2
      },
      {
        "model": "block/tall_grass/tall_grass_3_22_5",
        "weight": 4
      },
      {
        "model": "block/tall_grass/tall_grass_3_22_6",
        "weight": 1
      },
      {
        "model": "block/tall_grass/tall_grass_3_22_6",
        "y": 90,
        "weight": 1
      },
      {
        "model": "block/tall_grass/tall_grass_3_22_7",
        "weight": 2
      },
      {
        "model": "block/tall_grass/tall_grass_3_22_8",
        "weight": 1
      },
      {
        "model": "block/tall_grass/tall_grass_3_22_8",
        "y": 90,
        "weight": 1
      },
      {
        "model": "block/tall_grass/tall_grass_3_22_9",
        "weight": 2
      },
      {
        "model": "block/tall_grass/tall_grass_3_45_0",
        "weight": 4
      },
      {
        "model": "block/tall_grass/tall_grass_3_45_1",
        "weight": 1
      },
      {
        "model": "block/tall_grass/tall_grass_3_45_1",
        "y": 90,
        "weight": 1
      },
      {
        "model": "block/tall_grass/tall_grass_3_45_2",
        "weight": 2
      },
      {
        "model": "block/tall_grass/tall_grass_3_45_3",
        "weight": 1
      },
      {
        "model": "block/tall_grass/tall_grass_3_45_3",
        "y": 90,
        "weight": 1
      },
      {
        "model": "block/tall_grass/tall_grass_3_45_4",
        "weight": 2
      },
      {
        "model": "block/tall_grass/tall_grass_4_0_0",
        "weight": 4
      },
      {
        "model": "block/tall_grass/tall_grass_4_0_1",
        "weight": 1
      },
      {
        "model": "block/tall_grass/tall_grass_4_0_1",
        "y": 90,
        "weight": 1
      },
      {
        "model": "block/tall_grass/tall_grass_4_0_2",
        "weight": 2
      },
      {
        "model": "block/tall_grass/tall_grass_4_0_3",
        "weight": 1
      },
      {
        "model": "block/tall_grass/tall_grass_4_0_3",
        "y": 90,
        "weight": 1
      },
      {
        "model": "block/tall_grass/tall_grass_4_0_4",
        "weight": 2
      },
      {
        "model": "block/tall_grass/tall_grass_4_22_0",
        "weight": 4
      },
      {
        "model": "block/tall_grass/tall_grass_4_22_1",
        "weight": 1
      },
      {
        "model": "block/tall_grass/tall_grass_4_22_1",
        "y": 90,
        "weight": 1
      },
      {
        "model": "block/tall_grass/tall_grass_4_22_2",
        "weight": 2
      },
      {
        "model": "block/tall_grass/tall_grass_4_22_3",
        "weight": 1
      },
      {
        "model": "block/tall_grass/tall_grass_4_22_3",
        "y": 90,
        "weight": 1
      },
      {
        "model": "block/tall_grass/tall_grass_4_22_4",
        "weight": 2
      },
      {
        "model": "block/tall_grass/tall_grass_4_22_5",
        "weight": 4
      },
      {
        "model": "block/tall_grass/tall_grass_4_22_6",
        "weight": 1
      },
      {
        "model": "block/tall_grass/tall_grass_4_22_6",
        "y": 90,
        "weight": 1
      },
      {
        "model": "block/tall_grass/tall_grass_4_22_7",
        "weight": 2
      },
      {
        "model": "block/tall_grass/tall_grass_4_22_8",
        "weight": 1
      },
      {
        "model": "block/tall_grass/tall_grass_4_22_8",
        "y": 90,
        "weight": 1
      },
      {
        "model": "block/tall_grass/tall_grass_4_22_9",
        "weight": 2
      },
      {
        "model": "block/tall_grass/tall_grass_4_45_0",
        "weight": 4
      },
      {
        "model": "block/tall_grass/tall_grass_4_45_1",
        "weight": 1
      },
      {
        "model": "block/tall_grass/tall_grass_4_45_1",
        "y": 90,
        "weight": 1
      },
      {
        "model": "block/tall_grass/tall_grass_4_45_2",
        "weight": 2
      },
      {
        "model": "block/tall_grass/tall_grass_4_45_3",
        "weight": 1
      },
      {
        "model": "block/tall_grass/tall_grass_4_45_3",
        "y": 90,
        "weight": 1
      },
      {
        "model": "block/tall_grass/tall_grass_4_45_4",
        "weight": 2
      },
      {
        "model": "block/tall_grass/tall_grass_5_0_0",
        "weight": 4
      },
      {
        "model": "block/tall_grass/tall_grass_5_0_1",
        "weight": 1
      },
      {
        "model": "block/tall_grass/tall_grass_5_0_1",
        "y": 90,
        "weight": 1
      },
      {
        "model": "block/tall_grass/tall_grass_5_0_2",
        "weight": 2
      },
      {
        "model": "block/tall_grass/tall_grass_5_0_3",
        "weight": 1
      },
      {
        "model": "block/tall_grass/tall_grass_5_0_3",
        "y": 90,
        "weight": 1
      },
      {
        "model": "block/tall_grass/tall_grass_5_0_4",
        "weight": 2
      },
      {
        "model": "block/tall_grass/tall_grass_5_22_0",
        "weight": 4
      },
      {
        "model": "block/tall_grass/tall_grass_5_22_1",
        "weight": 1
      },
      {
        "model": "block/tall_grass/tall_grass_5_22_1",
        "y": 90,
        "weight": 1
      },
      {
        "model": "block/tall_grass/tall_grass_5_22_2",
        "weight": 2
      },
      {
        "model": "block/tall_grass/tall_grass_5_22_3",
        "weight": 1
      },
      {
        "model": "block/tall_grass/tall_grass_5_22_3",
        "y": 90,
        "weight": 1
      },
      {
        "model": "block/tall_grass/tall_grass_5_22_4",
        "weight": 2
      },
      {
        "model": "block/tall_grass/tall_grass_5_22_5",
        "weight": 4
      },
      {
        "model": "block/tall_grass/tall_grass_5_22_6",
        "weight": 1
      },
      {
        "model": "block/tall_grass/tall_grass_5_22_6",
        "y": 90,
        "weight": 1
      },
      {
        "model": "block/tall_grass/tall_grass_5_22_7",
        "weight": 2
      },
      {
        "model": "block/tall_grass/tall_grass_5_22_8",
        "weight": 1
      },
      {
        "model": "block/tall_grass/tall_grass_5_22_8",
        "y": 90,
        "weight": 1
      },
      {
        "model": "block/tall_grass/tall_grass_5_22_9",
        "weight": 2
      },
      {
        "model": "block/tall_grass/tall_grass_5_45_0",
        "weight": 4
      },
      {
        "model": "block/tall_grass/tall_grass_5_45_1",
        "weight": 1
      },
      {
        "model": "block/tall_grass/tall_grass_5_45_1",
        "y": 90,
        "weight": 1
      },
      {
        "model": "block/tall_grass/tall_grass_5_45_2",
        "weight": 2
      },
      {
        "model": "block/tall_grass/tall_grass_5_45_3",
        "weight": 1
      },
      {
        "model": "block/tall_grass/tall_grass_5_45_3",
        "y": 90,
        "weight": 1
      },
      {
        "model": "block/tall_grass/tall_grass_5_45_4",
        "weight": 2
      }
    ]
  }
}
