{
    "variants": {
        "": [
            { "model": "block/lily_pad_stem_1", "weight": 30 },
            { "model": "block/lily_pad_stem_1", "y": 90, "weight": 30 },
            { "model": "block/lily_pad_stem_1", "y": 180, "weight": 30 },
            { "model": "block/lily_pad_stem_1", "y": 270, "weight": 30 },
			{ "model": "block/lily_pad_stem_2", "weight": 30 },
            { "model": "block/lily_pad_stem_2", "y": 90, "weight": 30 },
            { "model": "block/lily_pad_stem_2", "y": 180, "weight": 30 },
            { "model": "block/lily_pad_stem_2", "y": 270, "weight": 30 },
			{ "model": "block/lily_pad_stem_3", "weight": 30 },
            { "model": "block/lily_pad_stem_3", "y": 90, "weight": 30 },
            { "model": "block/lily_pad_stem_3", "y": 180, "weight": 30 },
            { "model": "block/lily_pad_stem_3", "y": 270, "weight": 30 },
			{ "model": "block/lily_pad_stem_4", "weight": 30 },
            { "model": "block/lily_pad_stem_4", "y": 90, "weight": 30 },
            { "model": "block/lily_pad_stem_4", "y": 180, "weight": 30 },
            { "model": "block/lily_pad_stem_4", "y": 270, "weight": 30 },
            { "model": "block/lily_pad_1_stem_1", "weight": 30 },
            { "model": "block/lily_pad_1_stem_1", "y": 90, "weight": 30 },
            { "model": "block/lily_pad_1_stem_1", "y": 180, "weight": 30 },
            { "model": "block/lily_pad_1_stem_1", "y": 270, "weight": 30 },
			{ "model": "block/lily_pad_1_stem_2", "weight": 30 },
            { "model": "block/lily_pad_1_stem_2", "y": 90, "weight": 30 },
            { "model": "block/lily_pad_1_stem_2", "y": 180, "weight": 30 },
            { "model": "block/lily_pad_1_stem_2", "y": 270, "weight": 30 },
			{ "model": "block/lily_pad_1_stem_3", "weight": 30 },
            { "model": "block/lily_pad_1_stem_3", "y": 90, "weight": 30 },
            { "model": "block/lily_pad_1_stem_3", "y": 180, "weight": 30 },
            { "model": "block/lily_pad_1_stem_3", "y": 270, "weight": 30 },
			{ "model": "block/lily_pad_1_stem_4", "weight": 30 },
            { "model": "block/lily_pad_1_stem_4", "y": 90, "weight": 30 },
            { "model": "block/lily_pad_1_stem_4", "y": 180, "weight": 30 },
            { "model": "block/lily_pad_1_stem_4", "y": 270, "weight": 30 },
			
			{ "model": "block/lily_pad_flower_1", "weight": 1 },
            { "model": "block/lily_pad_flower_1", "y": 90, "weight": 1 },
            { "model": "block/lily_pad_flower_1", "y": 180, "weight": 1 },
            { "model": "block/lily_pad_flower_1", "y": 270, "weight": 1 },
			{ "model": "block/lily_pad_flower_2", "weight": 1 },
            { "model": "block/lily_pad_flower_2", "y": 90, "weight": 1 },
            { "model": "block/lily_pad_flower_2", "y": 180, "weight": 1 },
            { "model": "block/lily_pad_flower_2", "y": 270, "weight": 1 },
			{ "model": "block/lily_pad_flower_3", "weight": 1 },
            { "model": "block/lily_pad_flower_3", "y": 90, "weight": 1 },
            { "model": "block/lily_pad_flower_3", "y": 180, "weight": 1 },
            { "model": "block/lily_pad_flower_3", "y": 270, "weight": 1 },
			{ "model": "block/lily_pad_flower_4", "weight": 1 },
            { "model": "block/lily_pad_flower_4", "y": 90, "weight": 1 },
            { "model": "block/lily_pad_flower_4", "y": 180, "weight": 1 },
            { "model": "block/lily_pad_flower_4", "y": 270, "weight": 1 },
			{ "model": "block/lily_pad_flower_5", "weight": 1 },
            { "model": "block/lily_pad_flower_5", "y": 90, "weight": 1 },
            { "model": "block/lily_pad_flower_5", "y": 180, "weight": 1 },
            { "model": "block/lily_pad_flower_5", "y": 270, "weight": 1 },
			{ "model": "block/lily_pad_flower_6", "weight": 1 },
            { "model": "block/lily_pad_flower_6", "y": 90, "weight": 1 },
            { "model": "block/lily_pad_flower_6", "y": 180, "weight": 1 },
            { "model": "block/lily_pad_flower_6", "y": 270, "weight": 1 },
			{ "model": "block/lily_pad_flower_7", "weight": 1 },
            { "model": "block/lily_pad_flower_7", "y": 90, "weight": 1 },
            { "model": "block/lily_pad_flower_7", "y": 180, "weight": 1 },
            { "model": "block/lily_pad_flower_7", "y": 270, "weight": 1 },
			{ "model": "block/lily_pad_flower_8", "weight": 1 },
            { "model": "block/lily_pad_flower_8", "y": 90, "weight": 1 },
            { "model": "block/lily_pad_flower_8", "y": 180, "weight": 1 },
            { "model": "block/lily_pad_flower_8", "y": 270, "weight": 1 },
			
			{ "model": "block/lily_pad_1_flower_1", "weight": 1 },
            { "model": "block/lily_pad_1_flower_1", "y": 90, "weight": 1 },
            { "model": "block/lily_pad_1_flower_1", "y": 180, "weight": 1 },
            { "model": "block/lily_pad_1_flower_1", "y": 270, "weight": 1 },
			{ "model": "block/lily_pad_1_flower_2", "weight": 1 },
            { "model": "block/lily_pad_1_flower_2", "y": 90, "weight": 1 },
            { "model": "block/lily_pad_1_flower_2", "y": 180, "weight": 1 },
            { "model": "block/lily_pad_1_flower_2", "y": 270, "weight": 1 },
			{ "model": "block/lily_pad_1_flower_3", "weight": 1 },
            { "model": "block/lily_pad_1_flower_3", "y": 90, "weight": 1 },
            { "model": "block/lily_pad_1_flower_3", "y": 180, "weight": 1 },
            { "model": "block/lily_pad_1_flower_3", "y": 270, "weight": 1 },
			{ "model": "block/lily_pad_1_flower_4", "weight": 1 },
            { "model": "block/lily_pad_1_flower_4", "y": 90, "weight": 1 },
            { "model": "block/lily_pad_1_flower_4", "y": 180, "weight": 1 },
            { "model": "block/lily_pad_1_flower_4", "y": 270, "weight": 1 },
			{ "model": "block/lily_pad_1_flower_5", "weight": 1 },
            { "model": "block/lily_pad_1_flower_5", "y": 90, "weight": 1 },
            { "model": "block/lily_pad_1_flower_5", "y": 180, "weight": 1 },
            { "model": "block/lily_pad_1_flower_5", "y": 270, "weight": 1 },
			{ "model": "block/lily_pad_1_flower_6", "weight": 1 },
            { "model": "block/lily_pad_1_flower_6", "y": 90, "weight": 1 },
            { "model": "block/lily_pad_1_flower_6", "y": 180, "weight": 1 },
            { "model": "block/lily_pad_1_flower_6", "y": 270, "weight": 1 },
			{ "model": "block/lily_pad_1_flower_7", "weight": 1 },
            { "model": "block/lily_pad_1_flower_7", "y": 90, "weight": 1 },
            { "model": "block/lily_pad_1_flower_7", "y": 180, "weight": 1 },
            { "model": "block/lily_pad_1_flower_7", "y": 270, "weight": 1 },
			{ "model": "block/lily_pad_1_flower_8", "weight": 1 },
            { "model": "block/lily_pad_1_flower_8", "y": 90, "weight": 1 },
            { "model": "block/lily_pad_1_flower_8", "y": 180, "weight": 1 },
            { "model": "block/lily_pad_1_flower_8", "y": 270, "weight": 1 }
        ]
    }
}
