{
	"ambientocclusion": false,
	"textures": {
		"particle": "block/large_fern_top",
		"cross": "block/large_fern_top",
		"extra": "block/extra/large_fern_top_extra"
	},
	"elements": [
		{
			"from": [0.8, 0, 8],
			"to": [15.2, 16, 8],
			"shade": false,
			"rotation": {"angle": 45, "axis": "y", "origin": [8, 8, 8], "rescale": true},
			"faces": {
				"north": {"uv": [0, 0, 16, 16], "texture": "#cross", "tintindex": 0},
				"south": {"uv": [16, 0, 0, 16], "texture": "#cross", "tintindex": 0}
			}
		},
		{
			"from": [8, 0, 0.8],
			"to": [8, 16, 15.2],
			"shade": false,
			"rotation": {"angle": 45, "axis": "y", "origin": [8, 8, 8], "rescale": true},
			"faces": {
				"east": {"uv": [0, 0, 16, 16], "texture": "#cross", "tintindex": 0},
				"west": {"uv": [16, 0, 0, 16], "texture": "#cross", "tintindex": 0}
			}
		},
		{
			"from": [-0.75, 0, 1],
			"to": [16.75, 17.5, 1],
			"shade": false,
			"rotation": {"angle": -45, "axis": "x", "origin": [8, 0, 1]},
			"faces": {
				"north": {"uv": [16, 0, 0, 16], "texture": "#extra", "tintindex": 0},
				"south": {"uv": [0, 0, 16, 16], "texture": "#extra", "tintindex": 0}
			}
		},
		{
			"from": [-0.75, 0, 15],
			"to": [16.75, 17.5, 15],
			"shade": false,
			"rotation": {"angle": 45, "axis": "x", "origin": [8, 0, 15]},
			"faces": {
				"north": {"uv": [0, 0, 16, 16], "texture": "#extra", "tintindex": 0},
				"south": {"uv": [16, 0, 0, 16], "texture": "#extra", "tintindex": 0}
			}
		},
		{
			"from": [1, 0, -0.75],
			"to": [1, 17.5, 16.75],
			"shade": false,
			"rotation": {"angle": 45, "axis": "z", "origin": [1, 0, 8]},
			"faces": {
				"east": {"uv": [0, 0, 16, 16], "texture": "#extra", "tintindex": 0},
				"west": {"uv": [16, 0, 0, 16], "texture": "#extra", "tintindex": 0}
			}
		},
		{
			"from": [15, 0, -0.75],
			"to": [15, 17.5, 16.75],
			"shade": false,
			"rotation": {"angle": -45, "axis": "z", "origin": [15, 0, 8]},
			"faces": {
				"east": {"uv": [16, 0, 0, 16], "texture": "#extra", "tintindex": 0},
				"west": {"uv": [0, 0, 16, 16], "texture": "#extra", "tintindex": 0}
			}
		}
	]
}