{
	"credit": "Made with Blockbench",
	"ambientocclusion": false,
	"textures": {
		"2": "block/lily_pad",
		"texture": "block/lily_pad_extra",
		"particle": "block/lily_pad_extra"
	},
	"elements": [
		{
			"from": [0, 0.25, 0],
			"to": [16, 0.25, 16],
			"faces": {
				"up": {"uv": [16, 0, 0, 16], "texture": "#2", "tintindex": 0},
				"down": {"uv": [0, 0, 16, 16], "rotation": 180, "texture": "#2"}
			}
		},
		{
			"from": [5.25, 1.25, 11.5],
			"to": [10.25, 4.25, 11.5],
			"rotation": {"angle": 22.5, "axis": "x", "origin": [8, 8, 8]},
			"faces": {
				"north": {"uv": [10.5, 6, 13.5, 8], "texture": "#texture"},
				"east": {"uv": [0, 0, 0, 3], "texture": "#missing"},
				"south": {"uv": [10.5, 6, 13.5, 8], "texture": "#texture"},
				"west": {"uv": [0, 0, 0, 3], "texture": "#missing"},
				"up": {"uv": [0, 0, 0, 6], "rotation": 270, "texture": "#missing"},
				"down": {"uv": [0, 0, 0, 6], "rotation": 90, "texture": "#missing"}
			}
		},
		{
			"from": [5.25, -3.75, 12.5],
			"to": [10.25, 1.25, 12.5],
			"rotation": {"angle": 22.5, "axis": "x", "origin": [8, 8, 8]},
			"faces": {
				"north": {"uv": [10.5, 8.5, 14, 11.5], "texture": "#texture"},
				"east": {"uv": [0, 0, 0, 3], "texture": "#missing"},
				"south": {"uv": [10.5, 8.5, 14, 11.5], "texture": "#texture"},
				"west": {"uv": [0, 0, 0, 3], "texture": "#missing"},
				"up": {"uv": [0, 0, 0, 6], "rotation": 270, "texture": "#missing"},
				"down": {"uv": [0, 0, 0, 6], "rotation": 90, "texture": "#missing"}
			}
		},
		{
			"from": [5.5, 0.8, 5.5],
			"to": [10.5, 3.8, 5.5],
			"rotation": {"angle": -22.5, "axis": "x", "origin": [8, 8, 8]},
			"faces": {
				"north": {"uv": [10.5, 6, 13.5, 8], "texture": "#texture"},
				"east": {"uv": [0, 0, 0, 3], "texture": "#missing"},
				"south": {"uv": [10.5, 6, 13.5, 8], "texture": "#texture"},
				"west": {"uv": [0, 0, 0, 3], "texture": "#missing"},
				"up": {"uv": [0, 0, 0, 6], "rotation": 270, "texture": "#missing"},
				"down": {"uv": [0, 0, 0, 6], "rotation": 90, "texture": "#missing"}
			}
		},
		{
			"from": [5.5, -4.2, 4.5],
			"to": [10.5, 0.8, 4.5],
			"rotation": {"angle": -22.5, "axis": "x", "origin": [8, 8, 8]},
			"faces": {
				"north": {"uv": [10.5, 8.5, 14, 11.5], "texture": "#texture"},
				"east": {"uv": [0, 0, 0, 3], "texture": "#missing"},
				"south": {"uv": [10.5, 8.5, 14, 11.5], "texture": "#texture"},
				"west": {"uv": [0, 0, 0, 3], "texture": "#missing"},
				"up": {"uv": [0, 0, 0, 6], "rotation": 270, "texture": "#missing"},
				"down": {"uv": [0, 0, 0, 6], "rotation": 90, "texture": "#missing"}
			}
		},
		{
			"from": [5, 1.05, 6],
			"to": [5, 4.05, 11],
			"rotation": {"angle": 22.5, "axis": "z", "origin": [8, 8, 8]},
			"faces": {
				"north": {"uv": [0, 0, 0, 3], "texture": "#missing"},
				"east": {"uv": [10.5, 6, 13.5, 8], "texture": "#texture"},
				"south": {"uv": [0, 0, 0, 3], "texture": "#missing"},
				"west": {"uv": [10.5, 6, 13.5, 8], "texture": "#texture"},
				"up": {"uv": [0, 0, 0, 6], "texture": "#missing"},
				"down": {"uv": [0, 0, 0, 6], "texture": "#missing"}
			}
		},
		{
			"from": [3, -2.95, 6],
			"to": [3, 1.05, 11],
			"rotation": {"angle": 22.5, "axis": "z", "origin": [8, 8, 8]},
			"faces": {
				"north": {"uv": [0, 0, 0, 3], "texture": "#missing"},
				"east": {"uv": [10.5, 8.5, 14, 11.5], "texture": "#texture"},
				"south": {"uv": [0, 0, 0, 3], "texture": "#missing"},
				"west": {"uv": [2.5, 8.5, 6, 11.5], "texture": "#texture"},
				"up": {"uv": [0, 0, 0, 6], "texture": "#missing"},
				"down": {"uv": [0, 0, 0, 6], "texture": "#missing"}
			}
		},
		{
			"from": [11, 1.05, 6],
			"to": [11, 4.05, 11],
			"rotation": {"angle": -22.5, "axis": "z", "origin": [8, 8, 8]},
			"faces": {
				"north": {"uv": [0, 0, 0, 3], "texture": "#missing"},
				"east": {"uv": [10.5, 6, 13.5, 8], "texture": "#texture"},
				"south": {"uv": [0, 0, 0, 3], "texture": "#missing"},
				"west": {"uv": [10.5, 6, 13.5, 8], "texture": "#texture"},
				"up": {"uv": [0, 0, 0, 6], "texture": "#missing"},
				"down": {"uv": [0, 0, 0, 6], "texture": "#missing"}
			}
		},
		{
			"from": [13, -3.95, 6],
			"to": [13, 1.05, 11],
			"rotation": {"angle": -22.5, "axis": "z", "origin": [8, 8, 8]},
			"faces": {
				"north": {"uv": [0, 0, 0, 3], "texture": "#missing"},
				"east": {"uv": [10.5, 8.5, 14, 11.5], "texture": "#texture"},
				"south": {"uv": [0, 0, 0, 3], "texture": "#missing"},
				"west": {"uv": [2.5, 8.5, 6, 11.5], "texture": "#texture"},
				"up": {"uv": [0, 0, 0, 6], "texture": "#missing"},
				"down": {"uv": [0, 0, 0, 6], "texture": "#missing"}
			}
		}
	],
	"groups": [0,
		{
			"name": "group",
			"origin": [8, 8, 8],
			"children": [1, 2, 3, 4, 5, 6, 7, 8]
		}
	]
}