{
	"credit": "Made with Blockbench",
	"ambientocclusion": false,
	"textures": {
		"1": "block/vine2",
		"particle": "block/vine",
		"vine": "block/vine"
	},
	"elements": [
		{
			"from": [0, -0.5, 1],
			"to": [16, 7.5, 1],
			"shade": false,
			"rotation": {"angle": -22.5, "axis": "x", "origin": [8, 7, 1]},
			"faces": {
				"north": {"uv": [16, 0, 0, 8], "texture": "#1", "tintindex": 0},
				"east": {"uv": [0, 0, 8, 0], "rotation": 90, "texture": "#missing"},
				"south": {"uv": [16, 16, 0, 8], "rotation": 180, "texture": "#1", "tintindex": 0},
				"west": {"uv": [0, 0, 8, 0], "rotation": 270, "texture": "#missing"},
				"up": {"uv": [0, 0, 16, 0], "texture": "#missing"},
				"down": {"uv": [0, 0, 16, 0], "rotation": 180, "texture": "#missing"}
			}
		},
		{
			"from": [0, 6.5, 1],
			"to": [16, 14.5, 1],
			"shade": false,
			"rotation": {"angle": -22.5, "axis": "x", "origin": [8, 14, 1]},
			"faces": {
				"north": {"uv": [16, 0, 0, 8], "texture": "#1", "tintindex": 0},
				"east": {"uv": [0, 0, 5, 0], "rotation": 90, "texture": "#missing"},
				"south": {"uv": [16, 8, 0, 0], "rotation": 180, "texture": "#1", "tintindex": 0},
				"west": {"uv": [0, 0, 5, 0], "rotation": 270, "texture": "#missing"},
				"up": {"uv": [0, 0, 16, 0], "texture": "#missing"},
				"down": {"uv": [0, 0, 16, 0], "rotation": 180, "texture": "#missing"}
			}
		},
		{
			"from": [0, 0, 0.8],
			"to": [16, 16, 0.8],
			"shade": false,
			"faces": {
				"north": {"uv": [16, 0, 0, 16], "texture": "#vine", "tintindex": 0},
				"south": {"uv": [16, 0, 0, 16], "texture": "#vine", "tintindex": 0}
			}
		},
		{
			"from": [15, -0.5, 0],
			"to": [15, 7.5, 16],
			"shade": false,
			"rotation": {"angle": -22.5, "axis": "z", "origin": [15, 7, 8]},
			"faces": {
				"north": {"uv": [0, 0, 8, 0], "rotation": 270, "texture": "#missing"},
				"east": {"uv": [16, 0, 0, 8], "texture": "#1", "tintindex": 0},
				"south": {"uv": [0, 0, 8, 0], "rotation": 90, "texture": "#missing"},
				"west": {"uv": [16, 16, 0, 8], "rotation": 180, "texture": "#1", "tintindex": 0},
				"up": {"uv": [0, 0, 16, 0], "rotation": 90, "texture": "#missing"},
				"down": {"uv": [0, 0, 16, 0], "rotation": 90, "texture": "#missing"}
			}
		},
		{
			"from": [15, 6.5, 0],
			"to": [15, 14.5, 16],
			"shade": false,
			"rotation": {"angle": -22.5, "axis": "z", "origin": [15, 14, 8]},
			"faces": {
				"north": {"uv": [0, 0, 5, 0], "rotation": 270, "texture": "#missing"},
				"east": {"uv": [16, 0, 0, 8], "texture": "#1", "tintindex": 0},
				"south": {"uv": [0, 0, 5, 0], "rotation": 90, "texture": "#missing"},
				"west": {"uv": [16, 8, 0, 0], "rotation": 180, "texture": "#1", "tintindex": 0},
				"up": {"uv": [0, 0, 16, 0], "rotation": 90, "texture": "#missing"},
				"down": {"uv": [0, 0, 16, 0], "rotation": 90, "texture": "#missing"}
			}
		},
		{
			"from": [15.2, 0, 0],
			"to": [15.2, 16, 16],
			"shade": false,
			"rotation": {"angle": 0, "axis": "y", "origin": [8, 8, 15]},
			"faces": {
				"east": {"uv": [16, 0, 0, 16], "texture": "#vine", "tintindex": 0},
				"west": {"uv": [16, 0, 0, 16], "texture": "#vine", "tintindex": 0}
			}
		}
	],
	"groups": [
		{
			"name": "group",
			"origin": [8, 8, 8],
			"children": [0, 1, 2]
		},
		{
			"name": "group",
			"origin": [8, 8, 8],
			"children": [3, 4, 5]
		}
	]
}