{
	"credit": "Made with Blockbench",
	"ambientocclusion": false,
	"textures": {
		"1": "block/vine2",
		"particle": "block/vine",
		"vine": "block/vine"
	},
	"elements": [
		{
			"from": [0, 15, 6.5],
			"to": [16, 15, 14.5],
			"shade": false,
			"rotation": {"angle": 22.5, "axis": "x", "origin": [8, 15, 7.5]},
			"faces": {
				"north": {"uv": [0, 0, 16, 0], "texture": "#missing"},
				"east": {"uv": [0, 0, 8, 0], "texture": "#missing"},
				"south": {"uv": [0, 0, 16, 0], "texture": "#missing"},
				"west": {"uv": [0, 0, 8, 0], "texture": "#missing"},
				"up": {"uv": [16, 0, 0, 8], "texture": "#1", "tintindex": 0},
				"down": {"uv": [16, 16, 0, 8], "texture": "#1", "tintindex": 0}
			}
		},
		{
			"from": [0, 16, 0.5],
			"to": [16, 16, 8.5],
			"shade": false,
			"rotation": {"angle": 22.5, "axis": "x", "origin": [8, 15, -0.5]},
			"faces": {
				"north": {"uv": [0, 0, 16, 0], "texture": "#missing"},
				"east": {"uv": [0, 0, 5, 0], "texture": "#missing"},
				"south": {"uv": [0, 0, 16, 0], "texture": "#missing"},
				"west": {"uv": [0, 0, 5, 0], "texture": "#missing"},
				"up": {"uv": [16, 0, 0, 8], "texture": "#1", "tintindex": 0},
				"down": {"uv": [16, 8, 0, 0], "texture": "#1", "tintindex": 0}
			}
		},
		{
			"from": [0, 15.2, 0],
			"to": [16, 15.2, 16],
			"shade": false,
			"rotation": {"angle": 0, "axis": "y", "origin": [8, 15.2, 8]},
			"faces": {
				"up": {"uv": [16, 0, 0, 16], "texture": "#vine", "tintindex": 0},
				"down": {"uv": [16, 0, 0, 16], "rotation": 180, "texture": "#vine", "tintindex": 0}
			}
		}
	],
	"groups": [
		{
			"name": "group",
			"origin": [8, 8, 8],
			"children": [0, 1, 2]
		}
	]
}