{
	"credit": "Made with Blockbench",
	"ambientocclusion": false,
	"textures": {
		"1": "block/vine2",
		"particle": "block/vine",
		"vine": "block/vine"
	},
	"elements": [
		{
			"from": [0, -0.5, 1],
			"to": [16, 7.5, 1],
			"shade": false,
			"rotation": {"angle": -22.5, "axis": "x", "origin": [8, 7, 1]},
			"faces": {
				"north": {"uv": [16, 0, 0, 8], "texture": "#1", "tintindex": 0},
				"east": {"uv": [0, 0, 8, 0], "rotation": 90, "texture": "#missing"},
				"south": {"uv": [16, 16, 0, 8], "rotation": 180, "texture": "#1", "tintindex": 0},
				"west": {"uv": [0, 0, 8, 0], "rotation": 270, "texture": "#missing"},
				"up": {"uv": [0, 0, 16, 0], "texture": "#missing"},
				"down": {"uv": [0, 0, 16, 0], "rotation": 180, "texture": "#missing"}
			}
		},
		{
			"from": [0, 6.5, 1],
			"to": [16, 14.5, 1],
			"shade": false,
			"rotation": {"angle": -22.5, "axis": "x", "origin": [8, 14, 1]},
			"faces": {
				"north": {"uv": [16, 0, 0, 8], "texture": "#1", "tintindex": 0},
				"east": {"uv": [0, 0, 5, 0], "rotation": 90, "texture": "#missing"},
				"south": {"uv": [16, 8, 0, 0], "rotation": 180, "texture": "#1", "tintindex": 0},
				"west": {"uv": [0, 0, 5, 0], "rotation": 270, "texture": "#missing"},
				"up": {"uv": [0, 0, 16, 0], "texture": "#missing"},
				"down": {"uv": [0, 0, 16, 0], "rotation": 180, "texture": "#missing"}
			}
		},
		{
			"from": [0, 0, 0.8],
			"to": [16, 16, 0.8],
			"shade": false,
			"faces": {
				"north": {"uv": [16, 0, 0, 16], "texture": "#vine", "tintindex": 0},
				"south": {"uv": [16, 0, 0, 16], "texture": "#vine", "tintindex": 0}
			}
		},
		{
			"from": [15, -0.5, 0],
			"to": [15, 7.5, 16],
			"shade": false,
			"rotation": {"angle": -22.5, "axis": "z", "origin": [15, 7, 8]},
			"faces": {
				"north": {"uv": [0, 0, 8, 0], "rotation": 270, "texture": "#missing"},
				"east": {"uv": [16, 0, 0, 8], "texture": "#1", "tintindex": 0},
				"south": {"uv": [0, 0, 8, 0], "rotation": 90, "texture": "#missing"},
				"west": {"uv": [16, 16, 0, 8], "rotation": 180, "texture": "#1", "tintindex": 0},
				"up": {"uv": [0, 0, 16, 0], "rotation": 90, "texture": "#missing"},
				"down": {"uv": [0, 0, 16, 0], "rotation": 90, "texture": "#missing"}
			}
		},
		{
			"from": [15, 6.5, 0],
			"to": [15, 14.5, 16],
			"shade": false,
			"rotation": {"angle": -22.5, "axis": "z", "origin": [15, 14, 8]},
			"faces": {
				"north": {"uv": [0, 0, 5, 0], "rotation": 270, "texture": "#missing"},
				"east": {"uv": [16, 0, 0, 8], "texture": "#1", "tintindex": 0},
				"south": {"uv": [0, 0, 5, 0], "rotation": 90, "texture": "#missing"},
				"west": {"uv": [16, 8, 0, 0], "rotation": 180, "texture": "#1", "tintindex": 0},
				"up": {"uv": [0, 0, 16, 0], "rotation": 90, "texture": "#missing"},
				"down": {"uv": [0, 0, 16, 0], "rotation": 90, "texture": "#missing"}
			}
		},
		{
			"from": [15.2, 0, 0],
			"to": [15.2, 16, 16],
			"shade": false,
			"rotation": {"angle": 0, "axis": "y", "origin": [8, 8, 15]},
			"faces": {
				"east": {"uv": [16, 0, 0, 16], "texture": "#vine", "tintindex": 0},
				"west": {"uv": [16, 0, 0, 16], "texture": "#vine", "tintindex": 0}
			}
		},
		{
			"from": [1, -0.5, 0],
			"to": [1, 7.5, 16],
			"shade": false,
			"rotation": {"angle": 22.5, "axis": "z", "origin": [1, 7, 8]},
			"faces": {
				"north": {"uv": [0, 0, 8, 0], "rotation": 270, "texture": "#missing"},
				"east": {"uv": [0, 16, 16, 8], "rotation": 180, "texture": "#1", "tintindex": 0},
				"south": {"uv": [0, 0, 8, 0], "rotation": 90, "texture": "#missing"},
				"west": {"uv": [0, 0, 16, 8], "texture": "#1", "tintindex": 0},
				"up": {"uv": [0, 0, 16, 0], "rotation": 90, "texture": "#missing"},
				"down": {"uv": [0, 0, 16, 0], "rotation": 90, "texture": "#missing"}
			}
		},
		{
			"from": [1, 6.5, 0],
			"to": [1, 14.5, 16],
			"shade": false,
			"rotation": {"angle": 22.5, "axis": "z", "origin": [1, 14, 8]},
			"faces": {
				"north": {"uv": [0, 0, 5, 0], "rotation": 270, "texture": "#missing"},
				"east": {"uv": [0, 8, 16, 0], "rotation": 180, "texture": "#1", "tintindex": 0},
				"south": {"uv": [0, 0, 5, 0], "rotation": 90, "texture": "#missing"},
				"west": {"uv": [0, 0, 16, 8], "texture": "#1", "tintindex": 0},
				"up": {"uv": [0, 0, 16, 0], "rotation": 90, "texture": "#missing"},
				"down": {"uv": [0, 0, 16, 0], "rotation": 90, "texture": "#missing"}
			}
		},
		{
			"from": [0.8, 0, 0],
			"to": [0.8, 16, 16],
			"shade": false,
			"rotation": {"angle": 0, "axis": "y", "origin": [8, 8, 15]},
			"faces": {
				"east": {"uv": [0, 0, 16, 16], "texture": "#vine", "tintindex": 0},
				"west": {"uv": [0, 0, 16, 16], "texture": "#vine", "tintindex": 0}
			}
		},
		{
			"from": [0, -0.5, 15],
			"to": [16, 7.5, 15],
			"shade": false,
			"rotation": {"angle": 22.5, "axis": "x", "origin": [8, 7, 15]},
			"faces": {
				"north": {"uv": [16, 16, 0, 8], "rotation": 180, "texture": "#1", "tintindex": 0},
				"east": {"uv": [0, 0, 8, 0], "rotation": 270, "texture": "#missing"},
				"south": {"uv": [16, 0, 0, 8], "texture": "#1", "tintindex": 0},
				"west": {"uv": [0, 0, 8, 0], "rotation": 90, "texture": "#missing"},
				"up": {"uv": [0, 0, 16, 0], "rotation": 180, "texture": "#missing"},
				"down": {"uv": [0, 0, 16, 0], "texture": "#missing"}
			}
		},
		{
			"from": [0, 6.5, 12],
			"to": [16, 14.5, 12],
			"shade": false,
			"rotation": {"angle": 22.5, "axis": "x", "origin": [8, 7, 15]},
			"faces": {
				"north": {"uv": [16, 8, 0, 0], "rotation": 180, "texture": "#1", "tintindex": 0},
				"east": {"uv": [0, 0, 5, 0], "rotation": 270, "texture": "#missing"},
				"south": {"uv": [16, 0, 0, 8], "texture": "#1", "tintindex": 0},
				"west": {"uv": [0, 0, 5, 0], "rotation": 90, "texture": "#missing"},
				"up": {"uv": [0, 0, 16, 0], "rotation": 180, "texture": "#missing"},
				"down": {"uv": [0, 0, 16, 0], "texture": "#missing"}
			}
		},
		{
			"from": [0, 0, 15.2],
			"to": [16, 16, 15.2],
			"shade": false,
			"rotation": {"angle": 0, "axis": "y", "origin": [1, 8, 8]},
			"faces": {
				"north": {"uv": [16, 0, 0, 16], "texture": "#vine", "tintindex": 0},
				"south": {"uv": [16, 0, 0, 16], "texture": "#vine", "tintindex": 0}
			}
		},
		{
			"from": [6.5, 15, 0],
			"to": [14.5, 15, 16],
			"shade": false,
			"rotation": {"angle": -22.5, "axis": "z", "origin": [7, 14, 8]},
			"faces": {
				"north": {"uv": [0, 0, 8, 0], "texture": "#missing"},
				"east": {"uv": [0, 0, 16, 0], "texture": "#missing"},
				"south": {"uv": [0, 0, 8, 0], "texture": "#missing"},
				"west": {"uv": [0, 0, 16, 0], "texture": "#missing"},
				"up": {"uv": [16, 0, 0, 8], "rotation": 270, "texture": "#1", "tintindex": 0},
				"down": {"uv": [16, 16, 0, 8], "rotation": 90, "texture": "#1", "tintindex": 0}
			}
		},
		{
			"from": [0.5, 15, 0],
			"to": [8.5, 15, 16],
			"shade": false,
			"rotation": {"angle": -22.5, "axis": "z", "origin": [1, 14, 8]},
			"faces": {
				"north": {"uv": [0, 0, 5, 0], "texture": "#missing"},
				"east": {"uv": [0, 0, 16, 0], "texture": "#missing"},
				"south": {"uv": [0, 0, 5, 0], "texture": "#missing"},
				"west": {"uv": [0, 0, 16, 0], "texture": "#missing"},
				"up": {"uv": [16, 0, 0, 8], "rotation": 270, "texture": "#1", "tintindex": 0},
				"down": {"uv": [16, 8, 0, 0], "rotation": 90, "texture": "#1", "tintindex": 0}
			}
		},
		{
			"from": [0, 15.2, 0],
			"to": [16, 15.2, 16],
			"shade": false,
			"rotation": {"angle": 0, "axis": "z", "origin": [8, 8, 15]},
			"faces": {
				"up": {"uv": [16, 0, 0, 16], "rotation": 270, "texture": "#vine", "tintindex": 0},
				"down": {"uv": [16, 0, 0, 16], "rotation": 270, "texture": "#vine", "tintindex": 0}
			}
		}
	],
	"groups": [
		{
			"name": "group",
			"origin": [8, 8, 8],
			"children": [0, 1, 2]
		},
		{
			"name": "group",
			"origin": [8, 8, 8],
			"children": [3, 4, 5]
		},
		{
			"name": "group",
			"origin": [8, 8, 8],
			"children": [6, 7, 8]
		},
		{
			"name": "group",
			"origin": [8, 8, 8],
			"children": [9, 10, 11]
		},
		{
			"name": "group",
			"origin": [8, 8, 8],
			"children": [12, 13, 14]
		}
	]
}