{
	"ambientocclusion": false,
    "textures": {
        "particle": "block/grass_2"
    },
    "elements": [
        {
            "name": "Element",
            "from": [ 0.0, 0.0, 5.0 ], 
            "to": [ 16.0, 18.0, 5.0 ], 
            "shade": false,
            "rotation": { "origin": [ 8.0, 8.0, 8.0 ], "axis": "y", "angle": -22.5, "rescale": true },
            "faces": {
                "north": { "texture": "#particle", "uv": [ 16.0, 0.0, 0.0, 16.0 ] , "tintindex": 0 },
                "south": { "texture": "#particle", "uv": [ 16.0, 0.0, 0.0, 16.0 ] , "tintindex": 0 }
            }
        },
        {
            "name": "Element",
            "from": [ 5.0, 0.0, 0.0 ], 
            "to": [ 5.0, 18.0, 16.0 ], 
            "shade": false,
            "rotation": { "origin": [ 8.0, 8.0, 8.0 ], "axis": "y", "angle": -22.5, "rescale": true },
            "faces": {
                "east": { "texture": "#particle", "uv": [ 0.0, 0.0, 16.0, 16.0 ] , "tintindex": 0 },
                "west": { "texture": "#particle", "uv": [ 0.0, 0.0, 16.0, 16.0 ] , "tintindex": 0 }
            }
        },
        {
            "name": "Element",
            "from": [ 11.0, 0.0, 0.0 ], 
            "to": [ 11.0, 18.0, 16.0 ], 
            "shade": false,
            "rotation": { "origin": [ 8.0, 8.0, 8.0 ], "axis": "y", "angle": -22.5, "rescale": true },
            "faces": {
                "east": { "texture": "#particle", "uv": [ 16.0, 0.0, 0.0, 16.0 ] , "tintindex": 0 },
                "west": { "texture": "#particle", "uv": [ 16.0, 0.0, 0.0, 16.0 ] , "tintindex": 0 }
            }
        },
        {
            "name": "Element",
            "from": [ 0.0, 0.0, 11.0 ], 
            "to": [ 16.0, 18.0, 11.0 ], 
            "shade": false,
            "rotation": { "origin": [ 8.0, 8.0, 8.0 ], "axis": "y", "angle": -22.5, "rescale": true },
            "faces": {
                "north": { "texture": "#particle", "uv": [ 0.0, 0.0, 16.0, 16.0 ] , "tintindex": 0 },
                "south": { "texture": "#particle", "uv": [ 0.0, 0.0, 16.0, 16.0 ] , "tintindex": 0 }
            }
        }
    ]
}