{
  "parent": "item/generated",
  "display": {
    "thirdperson_righthand": {
      "rotation": [
        0,
        90,
        35
      ],
      "translation": [
        0,
        4.2,
        2
      ],
      "scale": [
        0.85,
        0.85,
        0.85
      ]
    },
    "thirdperson_lefthand": {
      "rotation": [
        0,
        -90,
        -35
      ],
      "translation": [
        0,
        4.0,
        2
      ],
      "scale": [
        0.85,
        0.85,
        0.85
      ]
    },
    "firstperson_righthand": {
      "rotation": [
        0,
        -90,
        25
      ],
      "translation": [
        1.13,
        3.2,
        1.13
      ],
      "scale": [
        0.68,
        0.68,
        0.68
      ]
    },
    "firstperson_lefthand": {
      "rotation": [
        0,
        90,
        -25
      ],
      "translation": [
        1.13,
        2.9,
        2.05
      ],
      "scale": [
        0.68,
        0.68,
        0.68
      ]
    }
  }
}
